target_eps,w_star,certificate_bound,achieved_error,bound_holds
0.001,3,0.00023593882806288008,0.00022266578695210196,True
0.0001,4,3.699238832118309e-07,3.6533868844004015e-07,True
1e-06,4,3.699238832118309e-07,3.6533868844004015e-07,True
1e-08,5,1.1053947606538153e-09,1.1028055261556413e-09,True
1e-10,6,1.3040945832698085e-17,1.4495972766811165e-14,True
