target_eps,w_star,certificate_bound,achieved_error,bound_holds
0.001,3,0.0002359388280604965,0.00022266578695179841,True
0.0001,4,3.699238823601557e-07,3.653386890407923e-07,True
1e-06,4,3.699238823601557e-07,3.653386890407923e-07,True
1e-08,5,1.1053945218165456e-09,1.1028020346219686e-09,True
1e-10,6,1.226077238570848e-17,1.4446099894920688e-14,True
