n,q,w,n_terms,n_layers,oracle_error,first_order_error,symmetric_error,first_order_cnots,symmetric_cnots,first_order_overhead,symmetric_overhead
5,2,3,33,9,0.00015454077329232614,0.00015502824252287603,0.00015453268208301158,88,160,1.0031543082137153,0.9999476435302983
5,2,4,41,13,1.8496906112760883e-07,1.7093113830919687e-05,1.9485914335753645e-07,136,260,92.41066439282659,1.053468845922857
5,4,5,44,15,1.1910794851143838e-14,5.442024265115334e-10,4.991472770556794e-10,192,342,45689.84969624186,41907.1340992616
5,4,6,44,15,1.1910794851143838e-14,5.442024265115334e-10,4.991472770556794e-10,192,342,45689.84969624186,41907.1340992616
6,2,3,42,9,0.00022266578695210196,0.00022184096973825257,0.00022265609339662895,114,202,0.9962957164405917,0.9999564658962399
6,2,4,54,13,3.6533868844004015e-07,2.183899335933799e-05,3.7581463704026314e-07,186,358,59.77739026925486,1.0286746214723501
6,4,5,60,15,4.1862339066156784e-10,7.954498604706229e-10,7.537474338116361e-10,274,496,1.9001562698480385,1.8005382657200732
6,4,6,60,15,3.1948321852334596e-14,7.954498604706229e-10,7.537474338116361e-10,274,496,24898.01699592231,23592.708164624823
