n,q,w,n_terms,n_layers,oracle_error,first_order_error,symmetric_error,first_order_cnots,symmetric_cnots,first_order_overhead,symmetric_overhead
5,2,3,33,9,0.00015454077329082462,0.00015502824252205678,0.00015453268208240307,88,160,1.0031543082181607,0.9999476435360762
5,2,4,41,13,1.8496906028393458e-07,1.709311382996482e-05,1.9485914425995055e-07,136,260,92.4106648091645,1.0534688556066314
5,4,5,44,15,1.2202843071988925e-14,5.442030476660315e-10,4.991449458468237e-10,192,342,44596.414495833764,40903.98793971122
5,4,6,44,15,1.2202843071988925e-14,5.442030476660315e-10,4.991449458468237e-10,192,342,44596.414495833764,40903.98793971122
6,2,3,42,9,0.00022266578695179841,0.00022184096973813775,0.00022265609339644233,114,202,0.9962957164414342,0.9999564658967649
6,2,4,54,13,3.653386890407923e-07,2.1838993357487158e-05,3.758146375631117e-07,186,358,59.77739016589262,1.0286746212119617
6,4,5,60,15,4.186219362114401e-10,7.954500891933656e-10,7.537474110459141e-10,274,496,1.9001634180765787,1.80054446708499
6,4,6,60,15,3.1421846873200204e-14,7.954500891933656e-10,7.537474110459141e-10,274,496,25315.192082862817,23988.00471810547
