method,value
Trotter-1,0.07126577511311787
Lie GPT-1,5e-16
Trotter-2,0.0020284166743572683
Lie GPT-2,2e-16
Trotter-4,6.403705060203429e-07
Lie GPT-4,1e-16
Trotter-6,3.63825292612061e-11
Lie GPT-6,5e-17
Trotter-8,2.4245110174126883e-13
Lie GPT-8,2e-17
