method,value
Trotter-1,0.10915605348475
Lie GPT-1,5e-16
Trotter-2,0.0033535583674175365
Lie GPT-2,2e-16
Trotter-4,1.1292509217106542e-06
Lie GPT-4,1e-16
Trotter-6,6.481904438341409e-11
Lie GPT-6,5e-17
Trotter-8,6.493295785650391e-13
Lie GPT-8,2e-17
