method,value
Trotter-1,0.06744603561591832
Lie GPT-1,5e-16
Trotter-2,0.002025144124340924
Lie GPT-2,2e-16
Trotter-4,6.802823159190204e-07
Lie GPT-4,1e-16
Trotter-6,4.0579952704905574e-11
Lie GPT-6,5e-17
Trotter-8,2.0306683213205751e-13
Lie GPT-8,2e-17
