{
  "metadata": {
    "script": "fig5_longtime_gpt1.py",
    "figure": "fig5_longtime_gpt1.pdf",
    "label": "fig:gpt1",
    "hamiltonian": "TFIM open chain",
    "n_qubits": 5,
    "dimension": 32,
    "parameters": {
      "J": 1.0,
      "h": 0.8,
      "start_time": 0.25,
      "end_time": 2.5,
      "n_points": 10,
      "step_size": 0.05
    },
    "random_seed": null,
    "methods": [
      "Trotter-1",
      "Lie GPT-1",
      "Trotter-2",
      "Lie GPT-2",
      "Trotter-4",
      "Lie GPT-4",
      "Trotter-6",
      "Lie GPT-6",
      "Trotter-8",
      "Lie GPT-8"
    ],
    "per_step_exponentials": {
      "Trotter-1": 2,
      "Trotter-2": 3,
      "Trotter-4": 15,
      "Trotter-6": 75,
      "Trotter-8": 375,
      "Lie GPT-1": 3,
      "Lie GPT-2": 4,
      "Lie GPT-4": 16,
      "Lie GPT-6": 76,
      "Lie GPT-8": 376
    },
    "residual_exponentials_per_step": {
      "Trotter-1": 0,
      "Trotter-2": 0,
      "Trotter-4": 0,
      "Trotter-6": 0,
      "Trotter-8": 0,
      "Lie GPT-1": 1,
      "Lie GPT-2": 1,
      "Lie GPT-4": 1,
      "Lie GPT-6": 1,
      "Lie GPT-8": 1
    },
    "notes": "Longer-time five-qubit dense residual-correction benchmark."
  },
  "data": {
    "time": [
      0.25,
      0.5,
      0.75,
      1.0,
      1.25,
      1.5,
      1.75,
      2.0,
      2.25,
      2.5
    ],
    "Trotter-1": [
      0.05152247246046882,
      0.08605717471564142,
      0.09550927459520095,
      0.08594801149194527,
      0.08310912713752347,
      0.09594738321694274,
      0.10115399075044959,
      0.09390584989919826,
      0.089688892851234,
      0.09541804849971684
    ],
    "Lie GPT-1": [
      5e-16,
      5e-16,
      5e-16,
      5e-16,
      5e-16,
      5e-16,
      5e-16,
      5e-16,
      5e-16,
      5e-16
    ],
    "Trotter-2": [
      0.0016562412834158567,
      0.0027017038731735566,
      0.002890874888090637,
      0.0027553366379552305,
      0.003254824093874536,
      0.003870111349463036,
      0.004260394662096461,
      0.004594935496168955,
      0.005164388494259825,
      0.005718791376549543
    ],
    "Lie GPT-2": [
      2e-16,
      2e-16,
      2e-16,
      2e-16,
      2e-16,
      2e-16,
      2e-16,
      2e-16,
      2e-16,
      2e-16
    ],
    "Trotter-4": [
      5.883247556156537e-07,
      8.960646363608265e-07,
      8.182224696276536e-07,
      6.167160732835802e-07,
      8.756178846238583e-07,
      1.1022900080996297e-06,
      1.1303905795335173e-06,
      1.1564358472332506e-06,
      1.3528402509121443e-06,
      1.502423595318475e-06
    ],
    "Lie GPT-4": [
      1e-16,
      1e-16,
      1e-16,
      1e-16,
      1e-16,
      1e-16,
      1e-16,
      1e-16,
      1e-16,
      1e-16
    ],
    "Trotter-6": [
      3.440315174514846e-11,
      4.9729414028280656e-11,
      3.8472977748115934e-11,
      1.434952646447251e-11,
      3.507140557813426e-11,
      4.5571360431213054e-11,
      3.683235479623041e-11,
      2.5742241213792915e-11,
      4.016435904977527e-11,
      4.6111241077832146e-11
    ],
    "Lie GPT-6": [
      5e-17,
      5e-17,
      5e-17,
      5e-17,
      5e-17,
      5e-17,
      5e-17,
      5e-17,
      5e-17,
      5e-17
    ],
    "Trotter-8": [
      7.682519847998529e-14,
      1.4918430238956269e-13,
      2.1552929611365274e-13,
      2.7601418849663985e-13,
      3.322399838495336e-13,
      3.8560761205928873e-13,
      4.3483113717591643e-13,
      4.83844096018853e-13,
      5.304892194263618e-13,
      5.763620847332857e-13
    ],
    "Lie GPT-8": [
      2e-17,
      2e-17,
      2e-17,
      2e-17,
      2e-17,
      2e-17,
      2e-17,
      2e-17,
      2e-17,
      2e-17
    ]
  }
}
