{
  "metadata": {
    "script": "fig6_longtime_gpt2.py",
    "figure": "fig6_longtime_gpt2.pdf",
    "label": "fig:gpt2",
    "hamiltonian": "TFIM open chain",
    "n_qubits": 4,
    "dimension": 16,
    "parameters": {
      "J": 1.0,
      "h": 0.8,
      "start_time": 0.2,
      "end_time": 2.0,
      "n_points": 10,
      "step_size": 0.05
    },
    "random_seed": null,
    "methods": [
      "Trotter-1",
      "Lie GPT-1",
      "Trotter-2",
      "Lie GPT-2",
      "Trotter-4",
      "Lie GPT-4",
      "Trotter-6",
      "Lie GPT-6",
      "Trotter-8",
      "Lie GPT-8"
    ],
    "per_step_exponentials": {
      "Trotter-1": 2,
      "Trotter-2": 3,
      "Trotter-4": 15,
      "Trotter-6": 75,
      "Trotter-8": 375,
      "Lie GPT-1": 3,
      "Lie GPT-2": 4,
      "Lie GPT-4": 16,
      "Lie GPT-6": 76,
      "Lie GPT-8": 376
    },
    "residual_exponentials_per_step": {
      "Trotter-1": 0,
      "Trotter-2": 0,
      "Trotter-4": 0,
      "Trotter-6": 0,
      "Trotter-8": 0,
      "Lie GPT-1": 1,
      "Lie GPT-2": 1,
      "Lie GPT-4": 1,
      "Lie GPT-6": 1,
      "Lie GPT-8": 1
    },
    "notes": "Higher-order dense residual-correction diagnostic benchmark."
  },
  "data": {
    "time": [
      0.2,
      0.4,
      0.6000000000000001,
      0.8,
      1.0,
      1.2,
      1.4000000000000001,
      1.6,
      1.8,
      2.0
    ],
    "Trotter-1": [
      0.03454208332694404,
      0.06195249607730166,
      0.07712886025705978,
      0.07834865614438001,
      0.0676131026378735,
      0.07074476413927877,
      0.08205227833817941,
      0.08520282520461578,
      0.07849219806338269,
      0.06474190737767323
    ],
    "Lie GPT-1": [
      5e-16,
      5e-16,
      5e-16,
      5e-16,
      5e-16,
      5e-16,
      5e-16,
      5e-16,
      5e-16,
      5e-16
    ],
    "Trotter-2": [
      0.0010064739330456797,
      0.0017802588719989596,
      0.002173735561653575,
      0.002196450332126835,
      0.0021100026217750114,
      0.0023503131705989435,
      0.0027860630697082974,
      0.003123498353657603,
      0.0033264642747747324,
      0.0035431970385501033
    ],
    "Lie GPT-2": [
      2e-16,
      2e-16,
      2e-16,
      2e-16,
      2e-16,
      2e-16,
      2e-16,
      2e-16,
      2e-16,
      2e-16
    ],
    "Trotter-4": [
      3.4798713566086253e-07,
      5.860162073149856e-07,
      6.479688464300098e-07,
      5.500300029594307e-07,
      4.541049559205889e-07,
      5.86451639316648e-07,
      7.693585635293122e-07,
      8.475621294419328e-07,
      8.181579361687869e-07,
      8.122979013667598e-07
    ],
    "Lie GPT-4": [
      1e-16,
      1e-16,
      1e-16,
      1e-16,
      1e-16,
      1e-16,
      1e-16,
      1e-16,
      1e-16,
      1e-16
    ],
    "Trotter-6": [
      2.066988294084099e-11,
      3.403982799021884e-11,
      3.5495346847856265e-11,
      2.4946877266607173e-11,
      9.716918200262125e-12,
      1.967349013723396e-11,
      3.3124672293077187e-11,
      3.600597927655819e-11,
      2.7257092850438853e-11,
      1.4059460514161222e-11
    ],
    "Lie GPT-6": [
      5e-17,
      5e-17,
      5e-17,
      5e-17,
      5e-17,
      5e-17,
      5e-17,
      5e-17,
      5e-17,
      5e-17
    ],
    "Trotter-8": [
      1.0037326586054729e-13,
      1.964770927051641e-13,
      2.866956805648479e-13,
      3.6999618250861125e-13,
      4.467791024480441e-13,
      5.187558448601662e-13,
      5.870216655994716e-13,
      6.529034460749896e-13,
      7.179167153413684e-13,
      7.818877527675644e-13
    ],
    "Lie GPT-8": [
      2e-17,
      2e-17,
      2e-17,
      2e-17,
      2e-17,
      2e-17,
      2e-17,
      2e-17,
      2e-17,
      2e-17
    ]
  }
}
