{
  "metadata": {
    "script": "fig7_time_ratio.py",
    "figure": "fig7_time_ratio.pdf",
    "label": "fig:ratio",
    "hamiltonian": "TFIM open chain",
    "n_qubits": 4,
    "dimension": 16,
    "parameters": {
      "J": 1.0,
      "h": 0.8,
      "start_time": 0.2,
      "end_time": 2.0,
      "n_points": 10,
      "step_size": 0.05
    },
    "random_seed": null,
    "methods": [
      "Trotter-1",
      "Lie GPT-1",
      "Trotter-2",
      "Lie GPT-2",
      "Trotter-4",
      "Lie GPT-4",
      "Trotter-6",
      "Lie GPT-6",
      "Trotter-8",
      "Lie GPT-8"
    ],
    "per_step_exponentials": {
      "Trotter-1": 2,
      "Trotter-2": 3,
      "Trotter-4": 15,
      "Trotter-6": 75,
      "Trotter-8": 375,
      "Lie GPT-1": 3,
      "Lie GPT-2": 4,
      "Lie GPT-4": 16,
      "Lie GPT-6": 76,
      "Lie GPT-8": 376
    },
    "residual_exponentials_per_step": {
      "Trotter-1": 0,
      "Trotter-2": 0,
      "Trotter-4": 0,
      "Trotter-6": 0,
      "Trotter-8": 0,
      "Lie GPT-1": 1,
      "Lie GPT-2": 1,
      "Lie GPT-4": 1,
      "Lie GPT-6": 1,
      "Lie GPT-8": 1
    },
    "notes": "Inverse-error visualization; generated from the same spectral errors as a time-resolved benchmark."
  },
  "data": {
    "time": [
      0.2,
      0.4,
      0.6000000000000001,
      0.8,
      1.0,
      1.2,
      1.4000000000000001,
      1.6,
      1.8,
      2.0
    ],
    "Trotter-1": [
      28.950193609774683,
      16.14139967423174,
      12.96531540420977,
      12.763460781729446,
      14.790032715343102,
      14.135321704250082,
      12.187352018166862,
      11.736700016677686,
      12.740119714732629,
      15.445945918251677
    ],
    "Lie GPT-1": [
      1999999999999999.8,
      1999999999999999.8,
      1999999999999999.8,
      1999999999999999.8,
      1999999999999999.8,
      1999999999999999.8,
      1999999999999999.8,
      1999999999999999.8,
      1999999999999999.8,
      1999999999999999.8
    ],
    "Trotter-2": [
      993.5677091744552,
      561.7160603598916,
      460.0375582204182,
      455.2800422451139,
      473.93306040480815,
      425.47521432863533,
      358.9294193920386,
      320.15384251091547,
      300.6194918680495,
      282.2309877548345
    ],
    "Lie GPT-2": [
      5000000000000000.0,
      5000000000000000.0,
      5000000000000000.0,
      5000000000000000.0,
      5000000000000000.0,
      5000000000000000.0,
      5000000000000000.0,
      5000000000000000.0,
      5000000000000000.0,
      5000000000000000.0
    ],
    "Trotter-4": [
      2873669.4478688114,
      1706437.4457863702,
      1543284.072235122,
      1818082.640255096,
      2202134.081476252,
      1705170.4402518705,
      1299784.0635095504,
      1179854.5089059584,
      1222257.8988633056,
      1231075.444510463
    ],
    "Lie GPT-4": [
      1e+16,
      1e+16,
      1e+16,
      1e+16,
      1e+16,
      1e+16,
      1e+16,
      1e+16,
      1e+16,
      1e+16
    ],
    "Trotter-6": [
      48379567647.38762,
      29377351738.890827,
      28172706813.83396,
      40085177367.61215,
      102913287874.8556,
      50829821908.79312,
      30188977906.024227,
      27773164904.614975,
      36687698335.514145,
      71126484475.89877
    ],
    "Lie GPT-6": [
      2e+16,
      2e+16,
      2e+16,
      2e+16,
      2e+16,
      2e+16,
      2e+16,
      2e+16,
      2e+16,
      2e+16
    ],
    "Trotter-8": [
      9962812223220.287,
      5089651858298.881,
      3488019066174.279,
      2702730588245.261,
      2238242555483.6465,
      1927689123713.9817,
      1703514637707.2664,
      1531620036640.371,
      1392919232315.8284,
      1278955958141.5708
    ],
    "Lie GPT-8": [
      5e+16,
      5e+16,
      5e+16,
      5e+16,
      5e+16,
      5e+16,
      5e+16,
      5e+16,
      5e+16,
      5e+16
    ]
  }
}
