dt,n_realizations,baseline_error_mean,baseline_error_std,oracle_local_error_mean,oracle_local_error_std,learned_free_error_mean,learned_free_error_std,bch_leading_error_mean,bch_leading_error_std
0.05,24,0.0006710039291420939,0.00018315519034891415,8.88373556814955e-07,4.7162704117358453e-07,1.2860897328126838e-05,6.522513117941609e-06,5.906532725675963e-05,2.075667143830236e-05
0.1,24,0.004779556265377283,0.0010698464023691427,2.0109932812600956e-05,9.58661758417989e-06,7.055962062836013e-05,1.3594001300061945e-05,0.0010789409814859537,0.00030568395805657684
0.15,24,0.017584595426618308,0.005189559995775631,0.0001954439522970944,0.0001146001400771921,0.0003287980255828643,0.00015237694750849651,0.006737799374556601,0.002683895290796824
0.2,24,0.037536022717022687,0.011242133014011836,0.0006850205596719007,0.0003904348865855644,0.0009592391215949791,0.0004066798241636864,0.01954168205084436,0.007646852616480922
0.25,24,0.07098330087079548,0.02026587108349048,0.0018741202988865164,0.0009011630149231745,0.002436044586455697,0.0008963836526445358,0.04648367541352235,0.016806100275715552
0.3,24,0.13283874828887512,0.03603698113360058,0.005226645939553212,0.003107754813678133,0.006351389363072133,0.0032485488565478227,0.10735559420960732,0.039964430269740635
