dt,n_realizations,baseline_error_mean,baseline_error_std,oracle_local_error_mean,oracle_local_error_std,learned_free_error_mean,learned_free_error_std,bch_leading_error_mean,bch_leading_error_std
0.05,24,0.0006710039291420848,0.00018315519034890982,8.883735568110052e-07,4.7162704117167236e-07,1.2307843666588313e-05,6.424264276705118e-06,5.9065327256134394e-05,2.075667143838379e-05
0.1,24,0.004779556265377281,0.0010698464023691508,2.0109932812590446e-05,9.586617584181323e-06,6.118316889462768e-05,1.4225572828609139e-05,0.0010789409814842667,0.0003056839580586295
0.15,24,0.017584595426618266,0.005189559995775616,0.00019544395229707857,0.00011460014007718486,0.0003072163983845678,0.0001530468698106711,0.006737799374562311,0.0026838952908031593
0.2,24,0.03753602271702265,0.011242133014011873,0.0006850205596718905,0.0003904348865855631,0.0008992822230482565,0.0004007457041917014,0.019541682050869078,0.007646852616470941
0.25,24,0.07098330087079541,0.02026587108349043,0.00187412029888651,0.0009011630149231824,0.002330846996724041,0.0009314984786144347,0.04648367541349759,0.016806100275627876
0.3,24,0.13283874828887512,0.036036981133600585,0.0052266459395532,0.0031077548136781265,0.006235915930659637,0.0033073661947653054,0.1073555942096432,0.039964430269737214
