baseline_error,oracle_local_error,learned_oracle_error,learned_free_error,bch_leading_error,r,t
0.004649540662022032,2.2543955178848628e-05,6.0025241077611265e-05,5.0341177912370496e-05,0.0009976748600800257,1,0.1
0.008936745251874007,4.4738668653102286e-05,0.00011565102754975398,9.875934774283119e-05,0.0018985035862667007,2,0.2
0.0152246862884907,8.757921432686883e-05,0.00019990775823532713,0.00018368051547693946,0.0030894953265075396,4,0.4
0.017459101264991495,0.00012838393419013902,0.00024480184065777224,0.0002482589913070661,0.003189982852286123,6,0.6000000000000001
0.016621942168374964,0.0001677927777355334,0.00028595108409357314,0.0002962457160558276,0.0023551656010416624,8,0.8
0.01753667784905045,0.00020551609767095405,0.000338622588486065,0.000339466256637142,0.0020253539253099026,10,1.0
0.02290147117124011,0.00027413700470662044,0.0004472728131049361,0.0004316051048757542,0.002546239624660834,14,1.4000000000000001
0.026842518166326233,0.00033822770811127955,0.0005423515467395753,0.000508938568862799,0.002437472122704357,18,1.8
