n_qubits,trained,baseline_error_mean,oracle_local_error_mean,oracle_allw3_error_mean,learned_oracle_error_mean,learned_free_error_mean,bch_leading_error_mean
4,True,0.012344246872536938,9.432501110999356e-05,9.432501110998286e-05,0.0003286488870769336,0.0002705115808466849,0.0014380807270882286
5,True,0.014178627389430109,0.00013054411623047985,0.00013054411623080568,0.000378904342532787,0.0003634083339810082,0.0016522274816153087
6,False,0.019205612694131947,0.00022687592367588776,0.00022687592367613213,0.00047340826161036513,0.0004428155128076581,0.0022333193500165063
7,False,0.022553879271495807,0.0002745387619935534,0.00027453876199361535,0.000636687264781504,0.0005819963316785531,0.0027464224390470566
8,False,0.026561990938110975,0.0003310449919686795,0.00033104499196876994,0.0006949886143011846,0.0006932714907873923,0.0032894263237950977
9,False,0.030065693800820588,0.0003509344598455195,0.000350934459845562,0.0008103637057850028,0.0007400216438384485,0.003562928988445894
10,False,0.035070423865342405,0.0004548075862126479,0.00045480758621269237,0.0009285832822879475,0.000873875391126543,0.004352829396672332
