{
  "experiment": "learned_residual_multiseed",
  "seeds": [
    20240517,
    7,
    101,
    2024,
    31337
  ],
  "n_seeds": 5,
  "ref_dts_bch_higher": [
    0.01,
    0.02,
    0.03,
    0.04,
    0.05
  ],
  "higher_degree": 2,
  "dt_eval": 0.1,
  "dt_sweep": [
    0.05,
    0.1,
    0.15,
    0.2,
    0.25,
    0.3
  ],
  "train_sizes": [
    4,
    5
  ],
  "transfer_sizes": [
    4,
    5,
    6,
    7,
    8,
    9,
    10
  ],
  "eval_realizations": {
    "4": 40,
    "5": 40,
    "6": 40,
    "7": 40,
    "8": 24,
    "9": 16,
    "10": 12
  },
  "transfer_coeff_r2_per_seed": [
    0.9999441741321987,
    0.9999497641364209,
    0.999965601999656,
    0.9999598595914607,
    0.9999564028725995
  ],
  "transfer_coeff_r2_mean": 0.9999551605464673,
  "transfer_coeff_r2_std": 8.403435051077295e-06,
  "transfer_coeff_rel_l2_per_seed": [
    0.007339362682110561,
    0.0069581871972529095,
    0.005759069677574431,
    0.0062204306889241156,
    0.006485274148109099
  ],
  "transfer_coeff_rel_l2_mean": 0.006552464878794223,
  "transfer_coeff_rel_l2_std": 0.0006180728103166455
}