dt,baseline_error_mean,oracle_local_error_mean,learned_free_error_mean,bch_leading_error_mean
0.05,0.0006710039291420848,8.883735568110052e-07,1.2307843666588313e-05,5.9065327256134394e-05
0.1,0.004779556265377281,2.0109932812590446e-05,6.118316889462768e-05,0.0010789409814842667
0.15,0.017584595426618266,0.00019544395229707857,0.0003072163983845678,0.006737799374562311
0.2,0.03753602271702265,0.0006850205596718905,0.0008992822230482565,0.019541682050869078
0.25,0.07098330087079541,0.00187412029888651,0.002330846996724041,0.04648367541349759
0.3,0.13283874828887512,0.0052266459395532,0.006235915930659637,0.1073555942096432
