baseline_error,oracle_local_error,learned_oracle_error,learned_free_error,bch_leading_error,r,t
0.004649540662022029,2.2543955178848245e-05,6.009147464747466e-05,5.51306994137919e-05,0.0009976748600970368,1,0.1
0.008936745251873886,4.47386686532668e-05,0.00011754901451736937,0.00010823377926063827,0.0018985035862999148,2,0.2
0.015224686288490727,8.757921432735298e-05,0.00021662592938415323,0.0002019148156914361,0.0030894953265673568,4,0.4
0.01745910126499155,0.0001283839341905916,0.00029146090878428486,0.0002742084920643315,0.0031899828523610607,6,0.6000000000000001
0.016621942168374905,0.00016779277773641793,0.00034835609972560784,0.00032892795236884667,0.0023551656011077133,8,0.8
0.017536677849050077,0.00020551609767174728,0.00039936193343922,0.00037757116110380135,0.002025353925330064,10,1.0
0.022901471171241635,0.000274137004707292,0.0005118038823189294,0.00048182221732833764,0.002546239624615493,14,1.4000000000000001
0.026842518166326126,0.0003382277081121934,0.0006224941457444855,0.0005746038517557428,0.002437472122643526,18,1.8
