dt,n_seeds,n_realizations,baseline_error_mean,baseline_error_std,bch_leading_error_mean,bch_leading_error_std,bch_higher_error_mean,bch_higher_error_std,patch_local_error_mean,patch_local_error_std,learned_free_error_mean,learned_free_error_std,oracle_local_error_mean,oracle_local_error_std
0.05,5,24,0.0006359489816153291,3.5928464278580295e-05,5.568497778089779e-05,4.407509991858364e-06,1.1401635191208128e-06,1.1327452582820314e-07,7.574750848164115e-07,8.527721424090603e-08,8.130773836968286e-06,1.0292208317061666e-06,7.574750848165429e-07,8.527721424075731e-08
0.1,5,24,0.00494585173264058,0.0002613652550958462,0.0011526894829708416,7.460259678721074e-05,0.0036973426441929656,0.000240470872406295,2.401271389880124e-05,2.8342605510440646e-06,4.3296445010094665e-05,4.46827454153538e-06,2.401271389880347e-05,2.8342605510444843e-06
0.15,5,24,0.017021811825442663,0.0007102766152992402,0.006488743223130632,0.0003883435968440522,0.08850800451464161,0.005385643987038705,0.0001817445255164354,2.8258914834565713e-05,0.00023864180189763574,3.075675485513677e-05,0.0001817445255181057,2.8258914835597565e-05
0.2,5,24,0.03913807725023319,0.0035183762314457833,0.020395052531504584,0.002436098903409878,0.6937042254338451,0.07901481340830928,0.00071737999124489,0.00012260351680447133,0.000860974011252066,0.00013717246573246265,0.0007173799913913144,0.0001226035168820604
0.25,5,24,0.07440358938304967,0.0015713217551459194,0.04922241664420375,0.0014105277518950488,1.9202254011677606,0.023686758646821335,0.0020412460877053716,0.00013935108123216887,0.0023986137265394054,0.00015677900756529524,0.002041246091377706,0.00013935108227917524
0.3,5,24,0.1288236728776369,0.0067551283565976195,0.1038060897513348,0.008277524595922126,1.9268696812915782,0.03809422566035682,0.005086395340094416,0.0007656417240305035,0.006398450873073232,0.0010789889048697233,0.005086395443543931,0.0007656417851972375
