dt,n_realizations,baseline_error_mean,baseline_error_std,oracle_local_error_mean,oracle_local_error_std,learned_free_error_mean,learned_free_error_std,bch_leading_error_mean,bch_leading_error_std
0.05,24,0.0006268566818796513,0.00013491243912241486,7.378533989471525e-07,3.1825625700110127e-07,9.028458649253648e-06,3.866640899803529e-06,5.4624033875062265e-05,1.5112529985391785e-05
0.1,24,0.005194927912351051,0.0012245177505365683,2.3967837708237277e-05,1.1945308899259695e-05,4.663413991603059e-05,1.8283467091207327e-05,0.001200269848327042,0.0003933859060257059
0.15,24,0.01683651121410971,0.00620699336517172,0.00019034548995033084,0.00015822854425300595,0.00024528834311330033,0.00017017242497398462,0.00633805911417643,0.0032708716258775324
0.2,24,0.044073413502766084,0.011394226827945006,0.0008837950668032099,0.000468029516651577,0.001041586024159524,0.0005458082979862176,0.023819346379885142,0.00864459978817036
0.25,24,0.07622195000805194,0.022998116113878083,0.002134539695901773,0.0011218018796075335,0.0026108810427095904,0.0015113158027783053,0.05098486716781456,0.020569366698428498
0.3,24,0.134729164751621,0.038009460071999346,0.0060442777421104476,0.0035221430614138525,0.0076674208707857155,0.00476779044488601,0.11112004575723415,0.041055110268225614
