baseline_error,oracle_local_error,learned_oracle_error,learned_free_error,bch_leading_error,learned_free_noprior_error,r,t
0.004139415345914209,1.2485177681201183e-05,3.961761878202985e-05,3.616694024758012e-05,0.0008927080823439393,6.952023542948355e-05,1,0.1
0.007961160355137654,2.4830203353878154e-05,7.740052808296991e-05,7.145084418119042e-05,0.001701474856879846,0.00013674259723851803,2,0.2
0.013595171803282357,4.8874777383144145e-05,0.00014130407283390064,0.00013662528864538076,0.0027923859178903775,0.00025662777293213024,4,0.4
0.01565418883070772,7.173948145792581e-05,0.0001838621311983236,0.00019183347940845248,0.0029327771020360373,0.000350272483731116,6,0.6000000000000001
0.01508645518308903,9.330813908210993e-05,0.00020576115897456487,0.00023513123944543662,0.0022400093357013372,0.00041994483974058,8,0.8
0.015638367324679523,0.00011343086492300028,0.00022351986661388445,0.0002693279201203051,0.0017707821241532778,0.00047917376415651313,10,1.0
0.02104070660909419,0.00014958689728598542,0.0002801654086383618,0.00030504252879586246,0.002557879368349804,0.0006021145905209008,14,1.4000000000000001
0.02454254229586015,0.0001822652587702735,0.000331276889733452,0.00031637722748872427,0.0020300528374918615,0.0007396811273487391,18,1.8
