baseline_error,oracle_local_error,learned_oracle_error,learned_free_error,bch_leading_error,learned_free_noprior_error,r,t
0.004139415345914237,1.2485177681222742e-05,4.037676673718039e-05,3.544625699185225e-05,0.0008927080823526877,8.562094826870015e-05,1,0.1
0.007961160355137711,2.483020335392027e-05,7.871473337040866e-05,6.99574126659613e-05,0.0017014748568951897,0.0001666850501559147,2,0.2
0.013595171803282274,4.887477738326205e-05,0.00014246931313496096,0.00013413983476125214,0.002792385917903798,0.00030056304358108433,4,0.4
0.015654188830707502,7.17394814580837e-05,0.0001828648751876932,0.000189058512763604,0.0029327771020262417,0.0003865532794612781,6,0.6000000000000001
0.015086455183089164,9.330813908231336e-05,0.0002023082114972713,0.0002329035213836914,0.0022400093356565428,0.0004358824134223838,8,0.8
0.015638367324679464,0.00011343086492326207,0.0002190325613912672,0.0002676540554917126,0.0017707821241327477,0.0004747701638777676,10,1.0
0.021040706609094257,0.0001495868972861478,0.0002816855845930982,0.00030391225013915905,0.002557879368281265,0.0005748590347828829,14,1.4000000000000001
0.024542542295859705,0.00018226525877069837,0.0003325758333410014,0.000317468105176987,0.0020300528373850364,0.0006986556215581221,18,1.8
