dt,n_realizations,baseline_error_mean,baseline_error_std,oracle_local_error_mean,oracle_local_error_std,learned_free_error_mean,learned_free_error_std,bch_leading_error_mean,bch_leading_error_std
0.05,24,0.0006268566818796558,0.00013491243912241567,7.378533989465003e-07,3.182562570019032e-07,9.201422690131618e-06,3.9467682440562265e-06,5.462403387485369e-05,1.5112529985205282e-05
0.1,24,0.005194927912351051,0.0012245177505365685,2.3967837708241922e-05,1.1945308899261e-05,4.5665945667997235e-05,1.7945718657415402e-05,0.0012002698483219434,0.0003933859060213123
0.15,24,0.016836511214109704,0.006206993365171728,0.0001903454899503295,0.00015822854425300728,0.00024563228228632856,0.00016845616747343075,0.0063380591141796935,0.0032708716258892886
0.2,24,0.04407341350276609,0.011394226827945027,0.0008837950668032146,0.0004680295166515741,0.0010420440830354067,0.0005404791079670855,0.02381934637991498,0.008644599788209877
0.25,24,0.07622195000805194,0.022998116113878097,0.002134539695901777,0.0011218018796075346,0.002596262893655086,0.0015023401633493566,0.05098486716785128,0.020569366698508184
0.3,24,0.13472916475162103,0.038009460071999374,0.00604427774211045,0.0035221430614138594,0.007683777980872533,0.004756197397513279,0.11112004575717245,0.04105511026823791
