{
  "metadata": {
    "script": "liegpt_heatmap.py",
    "figure": "liegpt_heatmap.pdf",
    "label": "fig:heatmap",
    "hamiltonian": "TFIM open chain",
    "n_qubits": 4,
    "dimension": 16,
    "parameters": {
      "J": 1.0,
      "h": 0.5,
      "times": [
        0.25,
        0.5,
        0.75,
        1.0,
        1.5,
        2.0
      ],
      "steps": [
        4,
        6,
        8,
        10,
        12,
        16,
        24,
        32
      ]
    },
    "random_seed": null,
    "methods": [
      "Trotter-2",
      "Lie GPT-2",
      "Trotter-4",
      "Lie GPT-4"
    ],
    "per_step_exponentials": {
      "Trotter-2": 3,
      "Lie GPT-2": 4,
      "Trotter-4": 15,
      "Lie GPT-4": 16
    },
    "residual_exponentials_per_step": {
      "Trotter-2": 0,
      "Lie GPT-2": 1,
      "Trotter-4": 0,
      "Lie GPT-4": 1
    },
    "notes": "Heat map of same-order baseline-error/Lie-GPT-error ratios for orders 2 and 4."
  },
  "data": [
    [
      [
        430822439161.00757,
        184652621639.66565,
        78156783288.20183,
        47915421409.5229,
        32164691554.50757,
        6967905637.77099,
        2907425202.2073073,
        1888910217.171278
      ],
      [
        3180874623239.0083,
        1406992856800.9512,
        365427657023.79236,
        398472988563.557,
        179316061258.9163,
        65792018055.93584,
        27304947630.143215,
        6209744762.99326
      ],
      [
        11573717742267.758,
        2818435840650.078,
        1122460951514.6077,
        920971778479.7897,
        299681347810.0836,
        286604441294.0668,
        56588837611.91218,
        19756476620.016808
      ],
      [
        16118564167032.977,
        3153244348498.5825,
        1904557626221.8174,
        1009197597459.9036,
        813733965618.881,
        239951863743.7714,
        114417357361.43604,
        40623900538.285645
      ],
      [
        39286137993519.8,
        14884846622693.16,
        5733349299769.324,
        3709173079234.009,
        1553127503909.4973,
        652039014161.694,
        170042404315.27658,
        159515881327.38562
      ],
      [
        54079480353852.164,
        29618755546106.35,
        12116855622008.246,
        7759753558740.207,
        2451348060333.6846,
        1322290215751.204,
        632304169340.6713,
        171032055726.4268
      ]
    ],
    [
      [
        88993294.15919608,
        20817301.56482342,
        5921397.49482091,
        1810100.0231933785,
        1280336.3123001948,
        208412.5792672,
        22550.978136629317,
        7425.759952091689
      ],
      [
        5321280867.251809,
        679636880.5123775,
        81657621.8694061,
        41884875.208662234,
        17879457.703532238,
        4924502.700123241,
        1108939.849425589,
        195057.53153159653
      ],
      [
        27005291752.522575,
        3726235184.7201486,
        908228075.9918927,
        312114527.74589604,
        61202290.18005131,
        47055661.42363674,
        3704182.5402879943,
        1195527.874958176
      ],
      [
        55591473566.5975,
        13395882589.894072,
        2506353662.9437785,
        833495453.5052221,
        292953589.7745357,
        41357420.85304742,
        8527858.025120294,
        2421104.984727845
      ],
      [
        474239606983.7609,
        57196363622.55633,
        13564286074.710575,
        4824373991.590114,
        2092167023.9661577,
        481864936.4381493,
        31444948.669965252,
        24931869.251226235
      ],
      [
        1143175999854.613,
        272169694742.24045,
        49202565437.45784,
        16471303270.772022,
        13134910000.883434,
        2160909855.699808,
        237997505.39120558,
        33399475.35702194
      ]
    ]
  ]
}
