n,n_ref,window,oracle_free,q4_baseline,tiled_error,direct_error,rel_mismatch
8,8,6,False,2.9822275066387036e-05,1.2846054615485725e-09,1.2846054615485725e-09,0.0
10,8,6,True,3.9181926979740475e-05,6.604474138584994e-08,2.0269425697990167e-09,31.58343002406756
