n,n_ref,window,oracle_free,q4_baseline,tiled_error,direct_error,rel_mismatch
8,8,6,False,2.982227507000348e-05,1.284606352720798e-09,1.284606352720798e-09,0.0
10,8,6,True,3.918192698424711e-05,6.604473751617983e-08,2.0269423216302374e-09,31.583432104304332
