n,window,n_active,corrected_error,corrected_cnots,std_q6_error,std_q6_cnots,std_q8_error,std_q8_cnots,cnot_savings_vs_cheapest_match,pareto_optimal
8,8,17,1.284606352720798e-09,470,4.812317657501016e-09,350,3.7815028579915245e-13,1750,3.723404255319149,True
10,8,17,2.0269423216302374e-09,650,6.645126575080176e-09,450,1.134196658287051e-12,2250,3.4615384615384617,True
