n,window,n_active,corrected_error,corrected_cnots,std_q6_error,std_q6_cnots,std_q8_error,std_q8_cnots,cnot_savings_vs_cheapest_match,pareto_optimal
8,8,17,1.2846054615485725e-09,470,4.812315014725085e-09,350,3.379150336481003e-13,1750,3.723404255319149,True
10,8,17,2.0269425697990167e-09,650,6.6451028180590905e-09,450,6.638989874571642e-13,2250,3.4615384615384617,True
