w,projected_error,generator_residual_norm,generator_norm,residual_unitary_step_error,baseline_error,improvement
0,0.013841058654740675,0.003656159451411988,0.003656159451412062,0.003656157415007059,0.01384105865473999,0.9999999999999505
1,0.013299149206445463,0.002858736511235987,0.003656159451412062,0.0028587351545971067,0.01384105865473999,1.040747677906485
2,0.016069482606978634,0.0019485677352080832,0.003656159451412062,0.0019485670105735763,0.01384105865473999,0.8613257186469161
3,0.00015454077329232614,1.5729281406289592e-05,0.003656159451412062,1.5729277322849592e-05,0.01384105865473999,89.56250418495402
4,1.8496906112760883e-07,1.8496906040193828e-08,0.003656159451412062,1.849690614348368e-08,0.01384105865473999,74829.04746535499
5,1.0079195318181531e-14,8.586466298709361e-19,0.003656159451412062,2.0613230962250343e-15,0.01384105865473999,1373230522656.1643
