w,projected_error,generator_residual_norm,generator_norm,residual_unitary_step_error,baseline_error,improvement
0,0.013841058654739304,0.003656159451411805,0.0036561594514118645,0.0036561574150070606,0.013841058654738907,0.9999999999999712
1,0.013299149206446578,0.0028587365112369874,0.0036561594514118645,0.002858735154597095,0.013841058654738907,1.0407476779063165
2,0.016069482606978665,0.0019485677352082736,0.0036561594514118645,0.001948567010573615,0.013841058654738907,0.861325718646847
3,0.0001545407732895444,1.5729281406713054e-05,0.0036561594514118645,1.5729277322726572e-05,0.013841058654738907,89.56250418655914
4,1.8496906078576806e-07,1.8496906046573213e-08,0.0036561594514118645,1.8496906248537026e-08,0.013841058654738907,74829.04760364047
5,1.7279848508866373e-14,9.328418150960982e-19,0.0036561594514118645,2.1055943965293835e-15,0.013841058654738907,800994212862.2826
