w,projected_error,generator_residual_norm,generator_norm,residual_unitary_step_error,baseline_error,improvement
0,0.013841058654740166,0.003656159451411386,0.00365615945141141,0.0036561574150070185,0.013841058654739943,0.9999999999999838
1,0.0132991492064451,0.0028587365112362913,0.00365615945141141,0.0028587351545970702,0.013841058654739943,1.04074767790651
2,0.016069482606978304,0.00194856773520774,0.00365615945141141,0.0019485670105734247,0.013841058654739943,0.8613257186469307
3,0.00015454077329082462,1.572928140624697e-05,0.00365615945141141,1.5729277322762388e-05,0.013841058654739943,89.5625041858239
4,1.8496906028393458e-07,1.8496906229886194e-08,0.00365615945141141,1.849690607095867e-08,0.013841058654739943,74829.0478066623
5,1.0891563308615712e-14,1.1431948975066092e-18,0.00365615945141141,1.6220103671208082e-15,0.013841058654739943,1270805509048.554
