baseline_error,oracle_local_error,learned_oracle_error,learned_free_error,bch_leading_error,learned_free_noprior_error,r,t
0.004139415345914263,1.2485177681209125e-05,4.364666321991067e-05,3.5932280613633114e-05,0.0008927080823746293,7.281703268190382e-05,1,0.1
0.007961160355137857,2.4830203354055435e-05,8.485302960554063e-05,7.102888743957549e-05,0.0017014748569401513,0.00014272656514639315,2,0.2
0.01359517180328247,4.887477738340008e-05,0.0001519105088013187,0.00013609561692504114,0.0027923859180017372,0.00026424872701408557,4,0.4
0.015654188830707867,7.173948145820074e-05,0.00019179416806221493,0.00019152637782834955,0.0029327771022117344,0.0003530871917055591,6,0.6000000000000001
0.015086455183089494,9.330813908253218e-05,0.0002088155410914757,0.0002351698048591287,0.002240009335937859,0.0004117607685537105,8,0.8
0.015638367324680064,0.0001134308649235759,0.00023006544291439247,0.00026962084272093637,0.0017707821242211384,0.0004531028389818215,10,1.0
0.021040706609094673,0.00014958689728653647,0.0002952915204489548,0.00030405608186072185,0.0025578793683157216,0.0005474127168250907,14,1.4000000000000001
0.024542542295860614,0.00018226525877161097,0.00034545321889251833,0.00031430971463774614,0.002030052837829645,0.0006605877140099676,18,1.8
