dt,n_realizations,baseline_error_mean,baseline_error_std,oracle_local_error_mean,oracle_local_error_std,learned_free_error_mean,learned_free_error_std,bch_leading_error_mean,bch_leading_error_std
0.05,24,0.0006268566818796724,0.00013491243912241651,7.378533989514683e-07,3.1825625700302255e-07,9.101299155754196e-06,3.901817796581127e-06,5.4624033875335667e-05,1.51125299854817e-05
0.1,24,0.005194927912351066,0.0012245177505365804,2.3967837708244894e-05,1.1945308899260097e-05,4.626985850068244e-05,1.8096807491103877e-05,0.0012002698483239373,0.0003933859060245899
0.15,24,0.016836511214109767,0.006206993365171765,0.00019034548995034169,0.00015822854425301554,0.00024545406167942045,0.00016929255436112542,0.006338059114186813,0.0032708716258863274
0.2,24,0.04407341350276614,0.011394226827945015,0.0008837950668032481,0.0004680295166515947,0.0010405870704121715,0.0005430144075620636,0.023819346379906542,0.00864459978816524
0.25,24,0.07622195000805197,0.022998116113878052,0.002134539695901781,0.0011218018796075307,0.0026052563679838272,0.0015079180695098365,0.050984867167915116,0.020569366698524997
0.3,24,0.13472916475162103,0.03800946007199936,0.006044277742110475,0.0035221430614138494,0.007678337101123425,0.004768757100778641,0.11112004575723926,0.04105511026813474
